file_name,text
001.jpeg,"swissposter style, orange modular semicircles, strict geometric grid, oversized lowercase sans serif lettering, abundant white space, minimal two-color layout"
002.jpeg,"swissposter style, red black and white interface presentation, modular device mockups, oversized year numerals, Swiss cross symbols, high-contrast grid"
003.jpeg,"swissposter style, red and cream airline poster, symmetrical abstract aircraft silhouette, dramatic converging curves, centered small sans serif wordmark"
004.jpeg,"swissposter style, deep navy poster, layered orange blue and white horizontal stripes, optical wave distortion, small asymmetric typography"
005.jpeg,"swissposter style, white minimalist scale study, three black circles increasing in size on a diagonal, sparse centered sans serif caption"
006.jpeg,"swissposter style, cream typography specimen, oversized black grotesk lettering, red circle and plus sign, visible baseline grid, dense microtype"
007.jpeg,"swissposter style, white concert poster, extreme cropped black display typography, small event details at upper right, single red accent word, radical scale contrast"
008.jpeg,"swissposter style, aged cream poster, oversized black numeral eight, diagonal cyan magenta and navy bands, bold geometric composition"
009.jpeg,"swissposter style, black poster with gray text panel, stacked uppercase words connected by red bars, dense typographic rhythm, restrained red black palette"
010.jpeg,"swissposter style, black white and coral typographic collage, fragmented oversized letterforms, brush textures, diagonal blocks, energetic editorial layout"
011.jpeg,"swissposter style, black optical poster, repeated white and gray concentric rings, mirrored vertical symmetry, dimensional gradient illusion"
012.jpeg,"swissposter style, black graphic poster, bold lowercase white headline, cobalt blue rectangular panels, red orange base block, white vapor trails"
013.webp,"swissposter style, warm off-white literary poster, repeated red circles in an asymmetric column, one isolated black circle, tiny centered quote"
014.jpeg,"swissposter style, green Olympic information poster, modular grid, white pictograms, compact multilingual typography, archival sports identity"
015.jpeg,"swissposter style, fluorescent yellow blue orange and black abstract poster, overlapping arches and diagonal wedge, large flat geometric color fields"
016.webp,"swissposter style, four-panel sports campaign, cropped athlete photography masked by red blue pink gray geometry, modular editorial grid"
017.jpeg,"swissposter style, white Japanese editorial poster, blue technical illustration, red Japanese typography, strong diagonal white slash, generous margins"
018.jpeg,"swissposter style, black experimental fashion poster, silhouetted hooded figure, scattered microtype, grainy monochrome texture, asymmetrical technical annotations"
019.jpeg,"swissposter style, dark automotive poster, dealership photography with cobalt architectural signage, centered vehicle, small white caption, cinematic contrast"
020.jpeg,"swissposter style, black concert poster, luminous purple gradient spheres, oversized white condensed typography, modular event information"
021.jpeg,"swissposter style, cream Swiss typography poster, visible red grid, oversized black sans serif words, large red stepped rectangle, rational asymmetry"
022.jpeg,"swissposter style, two coordinated cultural posters, modular rounded red and yellow geometric letterforms, black and cream grounds, small multilingual type"
023.jpeg,"swissposter style, pink and green modernist music poster, horizontal modular bands, black rule, lowercase sans serif title, structured information grid"
024.webp,"swissposter style, white Helvetica specimen, black architectural tower built from repeated microtype, sparse black typography, strong vertical hierarchy"
025.jpeg,"swissposter style, black and white mountain poster, oversized coordinates, contour arrows and circles, asymmetrical technical typography, photographic texture"
026.webp,"swissposter style, experimental collage poster, tall outlined condensed typography, yellow rectangle, abstract product photography, dense vertical grid"
027.webp,"swissposter style, vintage blue travel poster, red train crossing a stone viaduct, simplified snowy mountains, flat screen-printed illustration"
028.webp,"swissposter style, cream racing poster, translucent cyan purple orange and green rectangles, halftone race car, asymmetric technical typography"
029.webp,"swissposter style, vintage road safety poster, close-up motorcycle photography, thin cyan orange construction grid, yellow footer, small running figure"
030.jpeg,"swissposter style, gray photographic poster, cropped industrial vehicle detail, enormous red number twenty-two, minimal composition, grainy print texture"
031.webp,"swissposter style, mint and dark brown wayfinding poster, oversized diagonal arrow, extreme geometric cropping, small corner typography"
032.jpeg,"swissposter style, white music poster, concentric broken rings in red yellow and green, centered circular rhythm, compact lower information block"
033.webp,"swissposter style, red black cream and cyan typographic poster, overlapping giant lowercase letters, bold cropped forms, small footer information"
034.jpg,"swissposter style, cream editorial poster, monumental cropped red letters, tiny timeline and figure, restrained black microtype, textured paper"
035.jpg,"swissposter style, orange cream music poster, enormous pale number ninety-nine, seated portrait, compact black title, warm retro print texture"
036.jpg,"swissposter style, cream travel poster, orange classic car and fuel pump separated by large negative space, oversized orange headline, vertical microtype"
037.jpg,"swissposter style, orange cream poster, huge cropped word FLY, black bird illustration in motion, compact editorial details, vintage paper grain"
038.jpg,"swissposter style, beige editorial collage, repeated oversized word create, seated black-and-white figure, mustard circle and coral square"
039.jpg,"swissposter style, cream automotive poster, grayscale vintage car and portrait collage, large yellow diagonal arrow, vertical German typography"
040.jpg,"swissposter style, minimal white road trip poster, black vintage van, pale red sun over mountains, tiny centered title, generous negative space"
041.jpg,"swissposter style, cream retro technology poster, vintage computer, red sun, black semicircle, vertical Japanese typography, sparse geometric balance"
042.jpg,"swissposter style, cream mountain poster, black-and-white landscape collage, oversized red sun, thin red vertical rule, asymmetric photographic composition"
043.png,"swissposter style, cream print poster, stacked distressed red citrus halves, rough ink texture, narrow dark border, minimal object study"
044.jpg,"swissposter style, cream mood poster, black vertical pinstripes, rounded yellow orange and blue bars, oversized playful lowercase lettering"
045.jpg,"swissposter style, cream botanical poster, blue engraved flower, coral striped rectangle, vertical red title, minimal asymmetric composition"
046.jpg,"swissposter style, cream cut-paper botanical poster, bold coral leaf silhouette, pale blue rectangle and circle, centered classical typography"
047.jpg,"swissposter style, red grid poster, central dark sculptural photograph, bold white statement typography, visible modular guides and small annotations"
048.jpg,"swissposter style, yellow architecture magazine cover, large black lowercase headline, modernist building photograph, compact editorial footer"
049.jpg,"swissposter style, black and white framework poster, border typography on all sides, central translucent yellow stacked rectangles, rigorous modular system"
050.jpg,"swissposter style, cream Bauhaus poster, overlapping red and ochre circles above black horizontal rules, centered geometric balance"
051.jpg,"swissposter style, blue music poster, enormous cropped white lowercase typography, ski photography and red car, small red event title"
052.jpg,"swissposter style, blue mountain poster, gigantic coral word PEAK behind snowy summit photography, bold condensed display type"
053.jpg,"swissposter style, black automotive poster, silver concept car on white panel, clean Swiss sans serif title, restrained museum-catalog layout"
054.jpg,"swissposter style, dusty mauve music poster, concentric pale pink circular arcs, small lowercase title and event details, subdued monochrome palette"
055.jpg,"swissposter style, sky collage poster, giant black and red number seventy-six, clouds visible through cutout geometry, archival print texture"
056.jpg,"swissposter style, turquoise architecture poster, orange modernist building photograph, giant white letters floating across the grid, compact footer text"
057.jpg,"swissposter style, white red and black minimalist poster, huge red square, isolated centered word, oversized lowercase phrase framing the composition"
058.jpg,"swissposter style, vintage green mountain travel poster, simplified blue coral landscape, yellow funicular line, bold cream destination lettering"
